日付,曜日,区,献立
2026-06-01,月,堺区・西区,"ミニパン,揚げパン,ワンタン,肉団子の甘酢煮,牛乳"
2026-06-02,火,堺区・西区,"ごはん,春雨とうずら卵のスープ,スタミナソテー,牛乳"
2026-06-03,水,堺区・西区,"ごはん,ハヤシライス,ポテトサラダ,マヨ風ドレッシング,牛乳"
2026-06-04,木,堺区・西区,"ごはん,塩ちゃんこ汁,鶏肉の甘辛だれ,ひじきの煮物,牛乳"
2026-06-05,金,堺区・西区,"ごはん,豚汁,カルちゃん焼き,手作りソース,小魚の佃煮,牛乳"
2026-06-08,月,堺区・西区,"コッペパン,押し麦入り豆乳スープ,ミンチカツ,コーンキャベツ,牛乳"
2026-06-09,火,堺区・西区,"ごはん,レタスと卵のスープ,ドライカレー,牛乳"
2026-06-10,水,堺区・西区,"ごはん,野菜たっぷりみそ汁,鮭の風味焼き,じゃがいもの磯煮,牛乳"
2026-06-11,木,堺区・西区,"ごはん,麻婆豆腐,中華サラダ,しょうゆドレッシング,牛乳"
2026-06-12,金,堺区・西区,"ごはん,コーンラーメン,焼きギョーザ,野菜ソテー,牛乳"
2026-06-15,月,堺区・西区,"ミニコッペパン,ナポリタンスパゲティ,ホットサラダ,レモンドレッシング,牛乳"
2026-06-16,火,堺区・西区,"ごはん,すまし汁,さばの梅煮,小松菜のおひたし,牛乳"
2026-06-17,水,堺区・西区,"ごはん,みそ汁,なすと豚肉の炒め煮,ヨーグルト,牛乳"
2026-06-18,木,堺区・西区,"ごはん,ビーフンスープ,肉団子のピリ辛煮,牛乳"
2026-06-19,金,堺区・西区,"コッペパン,パンプキンポタージュ,ハンバーグ野菜ソース,牛乳"
2026-06-22,月,堺区・西区,"ミニコッペパン,ビーンズシチュー,コーンソテー,レモンカップケーキ,牛乳"
2026-06-23,火,堺区・西区,"ごはん,こぶうどん,セルフきんぴらちらし,牛乳"
2026-06-24,水,堺区・西区,"ごはん,肉じゃが,あじの南蛮漬け,ふりかけ,牛乳"
2026-06-25,木,堺区・西区,"ごはん,クッパ,豚肉のプルコギ,牛乳"
2026-06-26,金,堺区・西区,"ごはん,すまし汁,もずく丼,厚揚げ田楽,牛乳"
2026-06-29,月,堺区・西区,"コッペパン,マカロニスープ,ウインナーのカレー焼き,ミックスジャム,牛乳"
2026-06-30,火,堺区・西区,"ごはん,豚肉と野菜のしょうが煮,豆腐サラダ,ごまドレッシング,牛乳"
